{
  "0": 0.0,
  "1": 0.0,
  "2": 0.10555555555555556,
  "3": 0.0,
  "4": 0.4222222222222222,
  "5": 0.0,
  "6": 0.10555555555555556,
  "7": 0.0,
  "8": 0.0,
  "9": 0.0,
  "10": 0.0,
  "11": 0.0,
  "12": 0.31666666666666665,
  "13": 0.0,
  "14": 0.10555555555555556
}