{
  "0": 0.0,
  "1": 0.0,
  "2": 0.0,
  "3": 0.0,
  "4": 0.10555555555555556,
  "5": 0.0,
  "6": 0.0,
  "7": 0.0,
  "8": 0.10555555555555556,
  "9": 0.0,
  "10": 0.0,
  "11": 0.0,
  "12": 0.2111111111111111,
  "13": 0.10555555555555556,
  "14": 0.5277777777777778
}