{
  "0": 0.4222222222222222,
  "1": 0.10555555555555556,
  "2": 0.2111111111111111,
  "3": 0.4222222222222222,
  "4": 0.5277777777777778,
  "5": 0.4222222222222222,
  "6": 0.4222222222222222,
  "7": 0.10555555555555556,
  "8": 0.5277777777777778,
  "9": 0.0,
  "10": 0.2111111111111111
}