{
  "0": 0.5277777777777778,
  "1": 0.5277777777777778,
  "2": 0.31666666666666665,
  "3": 0.2111111111111111,
  "4": 0.10555555555555556,
  "5": 0.10555555555555556,
  "6": 0.0,
  "7": 0.5277777777777778,
  "8": 0.10555555555555556,
  "9": 0.4222222222222222,
  "10": 0.2111111111111111,
  "11": 0.0,
  "12": 0.0,
  "13": 0.10555555555555556,
  "14": 0.4222222222222222,
  "15": 0.7388888888888888,
  "16": 0.5277777777777778,
  "17": 0.4222222222222222,
  "18": 0.0,
  "19": 0.31666666666666665,
  "20": 0.10555555555555556
}